  ,CardCode,MONTH1,MONTH2,MONTH3,MONTH4,MONTH5,MONTH6,MONTH7,MONTH8,MONTH9,MONTH10,MONTH11,MONTH12,MONTH13,MONTH14,MONTH15,MONTH16,MONTH17,MONTH18,MONTH19,MONTH20,MONTH21,MONTH22,MONTH23,MONTH24,MONTH25,MONTH26,MONTH27,MONTH28,MONTH29,MONTH30,MONTH31,MONTH32,MONTH33,MONTH34,MONTH35,MONTH36,MONTH37,MONTH38,MONTH39,MONTH40,MONTH41,MONTH42,MONTH43,MONTH44,MONTH45,MONTH46,MONTH47,MONTH48,MONTH49,MONTH50,MONTH51,MONTH52,MONTH53,MONTH54,MONTH55,MONTH56,MONTH57,MONTH58,MONTH59,MONTH60,MONTH61
1 ,CSA00026,2     ,5     ,4     ,0     ,2     ,1     ,2     ,2     ,1     ,1      ,4      ,0      ,4      ,4      ,0      ,1      ,2      ,6      ,6      ,6      ,3      ,5      ,0      ,4      ,5      ,2      ,3      ,3      ,1      ,8      ,6      ,1      ,3      ,3      ,0      ,5      ,0      ,7      ,3      ,1      ,4      ,1      ,2      ,4      ,6      ,2      ,1      ,2      ,2      ,0      ,3      ,4      ,1      ,4      ,4      ,3      ,2      ,1      ,1      ,0      ,11     
2 ,CSA00050,4     ,0     ,2     ,3     ,1     ,0     ,1     ,1     ,1     ,1      ,0      ,1      ,1      ,0      ,0      ,0      ,0      ,0      ,0      ,0      ,0      ,0      ,0      ,0      ,0      ,0      ,0      ,0      ,1      ,1      ,2      ,1      ,0      ,0      ,0      ,0      ,1      ,3      ,0      ,0      ,3      ,0      ,2      ,0      ,0      ,0      ,0      ,0      ,0      ,1      ,1      ,1      ,1      ,7      ,2      ,0      ,0      ,1      ,0      ,0      ,0      
3 ,CSA00041,1     ,0     ,0     ,0     ,0     ,0     ,0     ,0     ,0     ,0      ,0      ,0      ,0      ,0      ,0      ,0      ,0      ,0      ,0      ,0      ,0      ,2      ,0      ,0      ,0      ,0      ,0      ,0      ,0      ,0      ,0      ,0      ,2      ,0      ,0      ,0      ,0      ,0      ,0      ,0      ,0      ,0      ,0      ,1      ,2      ,0      ,0      ,0      ,0      ,0      ,0      ,0      ,0      ,0      ,0      ,1      ,0      ,0      ,0      ,0      ,0      
4 ,CSA00089,1     ,0     ,0     ,0     ,0     ,1     ,0     ,0     ,0     ,1      ,0      ,0      ,0      ,0      ,0      ,0      ,0      ,0      ,0      ,0      ,0      ,0      ,0      ,0      ,0      ,0      ,0      ,0      ,0      ,0      ,0      ,0      ,0      ,0      ,0      ,0      ,0      ,0      ,0      ,0      ,0      ,0      ,0      ,0      ,0      ,0      ,0      ,0      ,0      ,0      ,0      ,0      ,0      ,0      ,0      ,0      ,0      ,0      ,0      ,0      ,0      
5 ,CSA00020,1     ,0     ,0     ,0     ,0     ,1     ,1     ,2     ,0     ,0      ,1      ,0      ,2      ,0      ,0      ,0      ,1      ,1      ,0      ,0      ,0      ,1      ,1      ,0      ,1      ,0      ,1      ,0      ,0      ,0      ,0      ,0      ,0      ,2      ,0      ,0      ,0      ,0      ,0      ,0      ,0      ,0      ,0      ,0      ,0      ,0      ,0      ,0      ,1      ,1      ,0      ,0      ,0      ,0      ,0      ,0      ,2      ,1      ,0      ,0      ,4      
6 ,CSA00002,1     ,0     ,0     ,0     ,2     ,0     ,0     ,0     ,0     ,5      ,0      ,0      ,0      ,0      ,0      ,0      ,0      ,0      ,0      ,0      ,0      ,0      ,0      ,5      ,3      ,0      ,1      ,0      ,0      ,0      ,0      ,2      ,2      ,1      ,1      ,0      ,3      ,1      ,0      ,0      ,0      ,0      ,1      ,5      ,1      ,1      ,0      ,0      ,0      ,1      ,1      ,0      ,2      ,0      ,0      ,0      ,0      ,0      ,0      ,0      ,2      
7 ,CSA00077,1     ,0     ,0     ,0     ,0     ,1     ,1     ,0     ,0     ,0      ,0      ,0      ,0      ,0      ,1      ,0      ,0      ,1      ,0      ,1      ,0      ,1      ,0      ,0      ,2      ,2      ,1      ,0      ,0      ,0      ,0      ,1      ,2      ,1      ,0      ,1      ,1      ,1      ,0      ,0      ,0      ,1      ,0      ,0      ,0      ,0      ,0      ,0      ,0      ,0      ,0      ,0      ,0      ,0      ,0      ,0      ,0      ,0      ,0      ,0      ,0      
8 ,CSA00049,0     ,2     ,2     ,2     ,0     ,2     ,4     ,0     ,0     ,0      ,0      ,0      ,0      ,0      ,0      ,1      ,0      ,1      ,0      ,3      ,1      ,1      ,1      ,0      ,0      ,0      ,1      ,1      ,1      ,1      ,1      ,0      ,0      ,0      ,0      ,1      ,0      ,0      ,3      ,2      ,1      ,0      ,1      ,0      ,0      ,0      ,1      ,0      ,0      ,3      ,0      ,0      ,0      ,1      ,0      ,1      ,0      ,0      ,0      ,0      ,1      
9 ,CSA00012,0     ,1     ,0     ,2     ,1     ,1     ,0     ,0     ,0     ,2      ,0      ,0      ,1      ,2      ,0      ,1      ,0      ,0      ,0      ,0      ,0      ,0      ,0      ,0      ,0      ,0      ,0      ,0      ,0      ,0      ,0      ,0      ,1      ,0      ,0      ,0      ,0      ,0      ,0      ,0      ,0      ,0      ,0      ,0      ,0      ,0      ,0      ,0      ,0      ,0      ,0      ,0      ,0      ,0      ,0      ,2      ,0      ,0      ,0      ,0      ,3      
10,CSA00060,0     ,0     ,0     ,1     ,0     ,0     ,0     ,0     ,0     ,0      ,0      ,0      ,1      ,0      ,0      ,0      ,0      ,0      ,0      ,0      ,1      ,0      ,0      ,0      ,0      ,0      ,0      ,0      ,0      ,0      ,0      ,0      ,0      ,0      ,0      ,0      ,0      ,0      ,0      ,0      ,0      ,0      ,0      ,0      ,0      ,1      ,0      ,0      ,0      ,0      ,0      ,0      ,0      ,1      ,0      ,0      ,0      ,0      ,0      ,0      ,0      
11,CSA00044,0     ,0     ,0     ,1     ,0     ,0     ,0     ,0     ,0     ,0      ,0      ,0      ,0      ,1      ,0      ,0      ,0      ,0      ,0      ,0      ,0      ,0      ,0      ,1      ,0      ,0      ,0      ,0      ,0      ,1      ,0      ,1      ,0      ,0      ,0      ,1      ,0      ,1      ,1      ,0      ,0      ,0      ,1      ,0      ,1      ,0      ,1      ,0      ,0      ,0      ,0      ,3      ,2      ,5      ,2      ,0      ,0      ,6      ,2      ,0      ,7      
12,CSA00024,0     ,0     ,0     ,0     ,1     ,0     ,0     ,0     ,0     ,0      ,0      ,0      ,0      ,0      ,0      ,0      ,0      ,0      ,1      ,0      ,0      ,0      ,1      ,0      ,0      ,0      ,0      ,0      ,0      ,0      ,0      ,0      ,0      ,0      ,0      ,0      ,1      ,1      ,1      ,0      ,1      ,0      ,0      ,0      ,0      ,1      ,0      ,0      ,0      ,0      ,0      ,1      ,0      ,0      ,0      ,0      ,0      ,0      ,0      ,0      ,1      
13,CSA00093,0     ,0     ,0     ,0     ,1     ,0     ,0     ,0     ,0     ,0      ,0      ,0      ,0      ,0      ,0      ,0      ,0      ,0      ,0      ,0      ,0      ,0      ,0      ,0      ,0      ,0      ,0      ,0      ,0      ,0      ,0      ,0      ,0      ,0      ,0      ,0      ,0      ,0      ,0      ,0      ,0      ,0      ,0      ,0      ,0      ,0      ,0      ,0      ,0      ,0      ,0      ,0      ,0      ,0      ,0      ,0      ,0      ,0      ,0      ,0      ,0      
14,CSA00079,0     ,0     ,0     ,0     ,0     ,2     ,0     ,0     ,0     ,0      ,0      ,0      ,0      ,0      ,0      ,0      ,0      ,0      ,0      ,1      ,0      ,0      ,0      ,0      ,0      ,0      ,0      ,0      ,0      ,0      ,0      ,0      ,0      ,0      ,0      ,0      ,1      ,0      ,1      ,0      ,0      ,0      ,0      ,0      ,0      ,0      ,0      ,0      ,0      ,0      ,0      ,0      ,0      ,0      ,0      ,0      ,0      ,0      ,0      ,0      ,0      
15,CSA00062,0     ,0     ,0     ,0     ,0     ,0     ,2     ,0     ,0     ,0      ,0      ,0      ,0      ,0      ,0      ,0      ,0      ,0      ,2      ,0      ,0      ,0      ,0      ,0      ,0      ,0      ,0      ,0      ,0      ,0      ,0      ,1      ,0      ,0      ,0      ,0      ,0      ,0      ,0      ,0      ,0      ,0      ,0      ,0      ,0      ,0      ,0      ,0      ,0      ,1      ,0      ,0      ,0      ,1      ,0      ,0      ,0      ,0      ,0      ,0      ,0      
16,CSA00084,0     ,0     ,0     ,0     ,0     ,0     ,0     ,1     ,0     ,0      ,0      ,0      ,0      ,0      ,0      ,0      ,0      ,0      ,0      ,0      ,0      ,0      ,1      ,0      ,1      ,0      ,0      ,2      ,0      ,2      ,0      ,0      ,1      ,0      ,0      ,0      ,0      ,0      ,0      ,0      ,0      ,0      ,0      ,0      ,0      ,0      ,0      ,0      ,0      ,0      ,0      ,0      ,0      ,0      ,0      ,0      ,0      ,0      ,0      ,0      ,0      
17,CSA00037,0     ,0     ,0     ,0     ,0     ,0     ,0     ,0     ,1     ,0      ,0      ,0      ,0      ,0      ,0      ,0      ,0      ,0      ,0      ,0      ,0      ,0      ,0      ,0      ,0      ,0      ,0      ,0      ,0      ,0      ,0      ,0      ,0      ,0      ,0      ,0      ,0      ,0      ,0      ,0      ,0      ,0      ,0      ,0      ,0      ,0      ,0      ,0      ,0      ,0      ,0      ,0      ,0      ,0      ,0      ,0      ,0      ,0      ,0      ,0      ,0      
18,CSA00011,0     ,0     ,0     ,0     ,0     ,0     ,0     ,0     ,1     ,0      ,0      ,0      ,0      ,0      ,0      ,0      ,0      ,1      ,0      ,0      ,1      ,1      ,0      ,0      ,0      ,0      ,0      ,0      ,2      ,0      ,0      ,1      ,1      ,0      ,0      ,0      ,0      ,1      ,1      ,1      ,3      ,0      ,0      ,1      ,1      ,0      ,0      ,1      ,1      ,0      ,1      ,0      ,1      ,0      ,1      ,0      ,1      ,0      ,1      ,0      ,5      
19,CSA00054,0     ,0     ,0     ,0     ,0     ,0     ,0     ,0     ,0     ,1      ,0      ,0      ,0      ,0      ,1      ,0      ,0      ,1      ,0      ,0      ,0      ,0      ,0      ,0      ,1      ,0      ,0      ,0      ,0      ,0      ,0      ,2      ,1      ,2      ,0      ,1      ,0      ,0      ,1      ,1      ,0      ,0      ,1      ,0      ,0      ,0      ,1      ,1      ,0      ,0      ,1      ,0      ,0      ,0      ,0      ,1      ,0      ,0      ,0      ,0      ,0      
20,VSA00090,0     ,0     ,0     ,0     ,0     ,0     ,0     ,0     ,0     ,0      ,0      ,0      ,1      ,0      ,0      ,0      ,0      ,0      ,0      ,0      ,0      ,0      ,0      ,0      ,0      ,0      ,0      ,0      ,0      ,0      ,0      ,0      ,1      ,1      ,0      ,0      ,1      ,1      ,0      ,3      ,0      ,0      ,1      ,0      ,0      ,0      ,0      ,0      ,0      ,0      ,0      ,0      ,0      ,0      ,0      ,0      ,0      ,0      ,0      ,0      ,0      
21,CSA00070,0     ,0     ,0     ,0     ,0     ,0     ,0     ,0     ,0     ,0      ,0      ,0      ,0      ,0      ,0      ,0      ,0      ,0      ,0      ,0      ,0      ,0      ,0      ,1      ,0      ,0      ,0      ,0      ,0      ,0      ,0      ,1      ,0      ,0      ,0      ,1      ,0      ,0      ,0      ,0      ,0      ,0      ,0      ,0      ,0      ,0      ,0      ,0      ,0      ,0      ,1      ,0      ,0      ,0      ,0      ,0      ,0      ,0      ,0      ,0      ,0      
22,CSA00058,0     ,0     ,0     ,0     ,0     ,0     ,0     ,0     ,0     ,0      ,0      ,0      ,0      ,0      ,0      ,0      ,0      ,0      ,0      ,0      ,0      ,0      ,0      ,0      ,1      ,0      ,2      ,0      ,0      ,1      ,0      ,0      ,0      ,0      ,0      ,0      ,0      ,0      ,0      ,0      ,0      ,1      ,0      ,0      ,1      ,0      ,0      ,0      ,0      ,1      ,0      ,0      ,0      ,0      ,1      ,0      ,0      ,0      ,0      ,0      ,0      
23,CSA00051,0     ,0     ,0     ,0     ,0     ,0     ,0     ,0     ,0     ,0      ,0      ,0      ,0      ,0      ,0      ,0      ,0      ,0      ,0      ,0      ,0      ,0      ,0      ,0      ,1      ,0      ,0      ,0      ,0      ,1      ,0      ,1      ,0      ,1      ,0      ,0      ,0      ,1      ,1      ,0      ,0      ,0      ,1      ,0      ,1      ,1      ,0      ,0      ,1      ,5      ,0      ,3      ,1      ,0      ,1      ,0      ,0      ,1      ,0      ,0      ,0      
24,CSA00040,0     ,0     ,0     ,0     ,0     ,0     ,0     ,0     ,0     ,0      ,0      ,0      ,0      ,0      ,0      ,0      ,0      ,0      ,0      ,0      ,0      ,0      ,0      ,0      ,0      ,1      ,0      ,0      ,0      ,0      ,0      ,0      ,0      ,1      ,0      ,0      ,0      ,0      ,0      ,0      ,0      ,0      ,0      ,0      ,0      ,0      ,0      ,0      ,0      ,0      ,0      ,0      ,0      ,0      ,0      ,0      ,0      ,0      ,3      ,0      ,2      
25,VSA00052,0     ,0     ,0     ,0     ,0     ,0     ,0     ,0     ,0     ,0      ,0      ,0      ,0      ,0      ,0      ,0      ,0      ,0      ,0      ,0      ,0      ,0      ,0      ,0      ,0      ,0      ,1      ,0      ,0      ,0      ,0      ,0      ,0      ,0      ,0      ,0      ,0      ,1      ,0      ,0      ,1      ,0      ,0      ,0      ,0      ,0      ,0      ,0      ,0      ,0      ,0      ,0      ,1      ,0      ,1      ,0      ,0      ,0      ,0      ,0      ,0      
26,CSA00030,0     ,0     ,0     ,0     ,0     ,0     ,0     ,0     ,0     ,0      ,0      ,0      ,0      ,0      ,0      ,0      ,0      ,0      ,0      ,0      ,0      ,0      ,0      ,0      ,0      ,0      ,0      ,0      ,0      ,2      ,0      ,0      ,0      ,0      ,0      ,0      ,0      ,0      ,0      ,0      ,0      ,0      ,0      ,0      ,0      ,0      ,0      ,0      ,0      ,0      ,0      ,0      ,0      ,0      ,0      ,0      ,0      ,0      ,0      ,0      ,0      
27,CSA00085,0     ,0     ,0     ,0     ,0     ,0     ,0     ,0     ,0     ,0      ,0      ,0      ,0      ,0      ,0      ,0      ,0      ,0      ,0      ,0      ,0      ,0      ,0      ,0      ,0      ,0      ,0      ,0      ,0      ,0      ,0      ,1      ,0      ,0      ,0      ,0      ,0      ,0      ,0      ,0      ,0      ,0      ,0      ,0      ,0      ,0      ,0      ,0      ,0      ,0      ,0      ,0      ,0      ,0      ,0      ,0      ,0      ,0      ,0      ,0      ,0      
28,CSA00006,0     ,0     ,0     ,0     ,0     ,0     ,0     ,0     ,0     ,0      ,0      ,0      ,0      ,0      ,0      ,0      ,0      ,0      ,0      ,0      ,0      ,0      ,0      ,0      ,0      ,0      ,0      ,0      ,0      ,0      ,0      ,1      ,0      ,0      ,0      ,0      ,1      ,1      ,0      ,0      ,0      ,1      ,1      ,0      ,0      ,0      ,1      ,0      ,2      ,0      ,0      ,0      ,0      ,0      ,0      ,1      ,1      ,3      ,0      ,1      ,1      
29,CSA00086,0     ,0     ,0     ,0     ,0     ,0     ,0     ,0     ,0     ,0      ,0      ,0      ,0      ,0      ,0      ,0      ,0      ,0      ,0      ,0      ,0      ,0      ,0      ,0      ,0      ,0      ,0      ,0      ,0      ,0      ,0      ,1      ,0      ,0      ,0      ,0      ,0      ,0      ,0      ,0      ,0      ,0      ,0      ,0      ,0      ,0      ,0      ,0      ,0      ,0      ,0      ,0      ,0      ,0      ,0      ,0      ,0      ,0      ,0      ,0      ,0      
30,CSA00069,0     ,0     ,0     ,0     ,0     ,0     ,0     ,0     ,0     ,0      ,0      ,0      ,0      ,0      ,0      ,0      ,0      ,0      ,0      ,0      ,0      ,0      ,0      ,0      ,0      ,0      ,0      ,0      ,0      ,0      ,0      ,0      ,2      ,1      ,0      ,0      ,0      ,0      ,0      ,0      ,0      ,0      ,0      ,0      ,0      ,0      ,0      ,0      ,0      ,0      ,0      ,0      ,1      ,0      ,0      ,0      ,0      ,0      ,0      ,0      ,0      
31,CSA00019,0     ,0     ,0     ,0     ,0     ,0     ,0     ,0     ,0     ,0      ,0      ,0      ,0      ,0      ,0      ,0      ,0      ,0      ,0      ,0      ,0      ,0      ,0      ,0      ,0      ,0      ,0      ,0      ,0      ,0      ,0      ,0      ,1      ,0      ,0      ,1      ,0      ,0      ,0      ,0      ,0      ,0      ,0      ,1      ,0      ,1      ,1      ,0      ,3      ,1      ,0      ,1      ,3      ,1      ,0      ,1      ,0      ,0      ,1      ,0      ,1      
32,CSA00075,0     ,0     ,0     ,0     ,0     ,0     ,0     ,0     ,0     ,0      ,0      ,0      ,0      ,0      ,0      ,0      ,0      ,0      ,0      ,0      ,0      ,0      ,0      ,0      ,0      ,0      ,0      ,0      ,0      ,0      ,0      ,0      ,2      ,0      ,0      ,0      ,0      ,0      ,0      ,0      ,0      ,0      ,0      ,0      ,0      ,2      ,0      ,0      ,0      ,0      ,0      ,0      ,0      ,0      ,0      ,0      ,0      ,0      ,0      ,0      ,0      
33,CSA00027,0     ,0     ,0     ,0     ,0     ,0     ,0     ,0     ,0     ,0      ,0      ,0      ,0      ,0      ,0      ,0      ,0      ,0      ,0      ,0      ,0      ,0      ,0      ,0      ,0      ,0      ,0      ,0      ,0      ,0      ,0      ,0      ,1      ,0      ,0      ,0      ,0      ,0      ,0      ,1      ,0      ,0      ,3      ,0      ,1      ,0      ,0      ,0      ,0      ,0      ,1      ,0      ,0      ,0      ,1      ,1      ,0      ,0      ,0      ,0      ,1      
34,CSA00082,0     ,0     ,0     ,0     ,0     ,0     ,0     ,0     ,0     ,0      ,0      ,0      ,0      ,0      ,0      ,0      ,0      ,0      ,0      ,0      ,0      ,0      ,0      ,0      ,0      ,0      ,0      ,0      ,0      ,0      ,0      ,0      ,0      ,1      ,0      ,0      ,0      ,0      ,0      ,0      ,0      ,0      ,0      ,0      ,0      ,0      ,0      ,0      ,0      ,0      ,0      ,0      ,0      ,0      ,0      ,0      ,0      ,0      ,0      ,0      ,0      
35,CSA00055,0     ,0     ,0     ,0     ,0     ,0     ,0     ,0     ,0     ,0      ,0      ,0      ,0      ,0      ,0      ,0      ,0      ,0      ,0      ,0      ,0      ,0      ,0      ,0      ,0      ,0      ,0      ,0      ,0      ,0      ,0      ,0      ,0      ,0      ,2      ,0      ,2      ,0      ,0      ,0      ,0      ,0      ,0      ,0      ,0      ,3      ,0      ,0      ,0      ,0      ,0      ,0      ,0      ,2      ,0      ,3      ,0      ,0      ,0      ,0      ,0      
36,CSA00081,0     ,0     ,0     ,0     ,0     ,0     ,0     ,0     ,0     ,0      ,0      ,0      ,0      ,0      ,0      ,0      ,0      ,0      ,0      ,0      ,0      ,0      ,0      ,0      ,0      ,0      ,0      ,0      ,0      ,0      ,0      ,0      ,0      ,0      ,1      ,0      ,0      ,0      ,0      ,0      ,0      ,0      ,0      ,0      ,0      ,0      ,0      ,0      ,0      ,0      ,0      ,0      ,0      ,0      ,0      ,0      ,0      ,0      ,0      ,0      ,0      
37,CSA00076,0     ,0     ,0     ,0     ,0     ,0     ,0     ,0     ,0     ,0      ,0      ,0      ,0      ,0      ,0      ,0      ,0      ,0      ,0      ,0      ,0      ,0      ,0      ,0      ,0      ,0      ,0      ,0      ,0      ,0      ,0      ,0      ,0      ,0      ,1      ,0      ,0      ,0      ,0      ,0      ,0      ,1      ,0      ,0      ,0      ,0      ,0      ,0      ,0      ,0      ,0      ,0      ,0      ,0      ,0      ,0      ,0      ,0      ,0      ,0      ,0      
38,CSA00071,0     ,0     ,0     ,0     ,0     ,0     ,0     ,0     ,0     ,0      ,0      ,0      ,0      ,0      ,0      ,0      ,0      ,0      ,0      ,0      ,0      ,0      ,0      ,0      ,0      ,0      ,0      ,0      ,0      ,0      ,0      ,0      ,0      ,0      ,0      ,1      ,0      ,0      ,1      ,0      ,0      ,0      ,0      ,0      ,0      ,0      ,0      ,0      ,0      ,1      ,0      ,0      ,0      ,0      ,0      ,0      ,0      ,0      ,0      ,0      ,0      
39,CSA00080,0     ,0     ,0     ,0     ,0     ,0     ,0     ,0     ,0     ,0      ,0      ,0      ,0      ,0      ,0      ,0      ,0      ,0      ,0      ,0      ,0      ,0      ,0      ,0      ,0      ,0      ,0      ,0      ,0      ,0      ,0      ,0      ,0      ,0      ,0      ,0      ,1      ,0      ,0      ,0      ,0      ,0      ,0      ,0      ,0      ,0      ,0      ,0      ,0      ,0      ,0      ,0      ,0      ,0      ,0      ,0      ,0      ,0      ,0      ,0      ,0      
40,CSA00066,0     ,0     ,0     ,0     ,0     ,0     ,0     ,0     ,0     ,0      ,0      ,0      ,0      ,0      ,0      ,0      ,0      ,0      ,0      ,0      ,0      ,0      ,0      ,0      ,0      ,0      ,0      ,0      ,0      ,0      ,0      ,0      ,0      ,0      ,0      ,0      ,0      ,0      ,1      ,0      ,0      ,0      ,0      ,0      ,0      ,0      ,0      ,0      ,0      ,0      ,0      ,0      ,1      ,0      ,0      ,0      ,0      ,0      ,0      ,0      ,0      
41,CSA00073,0     ,0     ,0     ,0     ,0     ,0     ,0     ,0     ,0     ,0      ,0      ,0      ,0      ,0      ,0      ,0      ,0      ,0      ,0      ,0      ,0      ,0      ,0      ,0      ,0      ,0      ,0      ,0      ,0      ,0      ,0      ,0      ,0      ,0      ,0      ,0      ,0      ,0      ,1      ,0      ,0      ,0      ,0      ,0      ,0      ,0      ,0      ,1      ,0      ,0      ,0      ,0      ,0      ,0      ,0      ,0      ,0      ,0      ,0      ,0      ,0      
42,VSA00089,0     ,0     ,0     ,0     ,0     ,0     ,0     ,0     ,0     ,0      ,0      ,0      ,0      ,0      ,0      ,0      ,0      ,0      ,0      ,0      ,0      ,0      ,0      ,0      ,0      ,0      ,0      ,0      ,0      ,0      ,0      ,0      ,0      ,0      ,0      ,0      ,0      ,0      ,0      ,1      ,0      ,0      ,2      ,0      ,0      ,0      ,0      ,0      ,0      ,0      ,0      ,0      ,0      ,0      ,0      ,0      ,0      ,0      ,0      ,0      ,0      
43,CSA99999,0     ,0     ,0     ,0     ,0     ,0     ,0     ,0     ,0     ,0      ,0      ,0      ,0      ,0      ,0      ,0      ,0      ,0      ,0      ,0      ,0      ,0      ,0      ,0      ,0      ,0      ,0      ,0      ,0      ,0      ,0      ,0      ,0      ,0      ,0      ,0      ,0      ,0      ,0      ,1      ,0      ,0      ,0      ,0      ,0      ,0      ,0      ,0      ,0      ,0      ,0      ,0      ,0      ,0      ,0      ,0      ,0      ,0      ,0      ,0      ,0      
44,CSA0007 ,0     ,0     ,0     ,0     ,0     ,0     ,0     ,0     ,0     ,0      ,0      ,0      ,0      ,0      ,0      ,0      ,0      ,0      ,0      ,0      ,0      ,0      ,0      ,0      ,0      ,0      ,0      ,0      ,0      ,0      ,0      ,0      ,0      ,0      ,0      ,0      ,0      ,0      ,0      ,2      ,0      ,0      ,0      ,0      ,0      ,0      ,0      ,0      ,0      ,0      ,0      ,0      ,0      ,0      ,0      ,0      ,0      ,0      ,0      ,0      ,0      
45,CSA00039,0     ,0     ,0     ,0     ,0     ,0     ,0     ,0     ,0     ,0      ,0      ,0      ,0      ,0      ,0      ,0      ,0      ,0      ,0      ,0      ,0      ,0      ,0      ,0      ,0      ,0      ,0      ,0      ,0      ,0      ,0      ,0      ,0      ,0      ,0      ,0      ,0      ,0      ,0      ,0      ,1      ,0      ,0      ,0      ,0      ,0      ,0      ,0      ,0      ,0      ,0      ,0      ,0      ,0      ,0      ,0      ,0      ,0      ,0      ,0      ,1      
46,CSA00078,0     ,0     ,0     ,0     ,0     ,0     ,0     ,0     ,0     ,0      ,0      ,0      ,0      ,0      ,0      ,0      ,0      ,0      ,0      ,0      ,0      ,0      ,0      ,0      ,0      ,0      ,0      ,0      ,0      ,0      ,0      ,0      ,0      ,0      ,0      ,0      ,0      ,0      ,0      ,0      ,1      ,0      ,0      ,0      ,0      ,0      ,0      ,0      ,0      ,0      ,0      ,0      ,0      ,0      ,0      ,0      ,0      ,0      ,0      ,0      ,0      
47,CSA00064,0     ,0     ,0     ,0     ,0     ,0     ,0     ,0     ,0     ,0      ,0      ,0      ,0      ,0      ,0      ,0      ,0      ,0      ,0      ,0      ,0      ,0      ,0      ,0      ,0      ,0      ,0      ,0      ,0      ,0      ,0      ,0      ,0      ,0      ,0      ,0      ,0      ,0      ,0      ,0      ,1      ,0      ,0      ,0      ,0      ,0      ,0      ,0      ,0      ,1      ,0      ,0      ,0      ,1      ,0      ,0      ,0      ,0      ,0      ,0      ,0      
48,CSA00072,0     ,0     ,0     ,0     ,0     ,0     ,0     ,0     ,0     ,0      ,0      ,0      ,0      ,0      ,0      ,0      ,0      ,0      ,0      ,0      ,0      ,0      ,0      ,0      ,0      ,0      ,0      ,0      ,0      ,0      ,0      ,0      ,0      ,0      ,0      ,0      ,0      ,0      ,0      ,0      ,0      ,1      ,0      ,0      ,1      ,0      ,0      ,0      ,0      ,1      ,0      ,0      ,0      ,0      ,0      ,0      ,0      ,0      ,0      ,0      ,0      
49,VSA00071,0     ,0     ,0     ,0     ,0     ,0     ,0     ,0     ,0     ,0      ,0      ,0      ,0      ,0      ,0      ,0      ,0      ,0      ,0      ,0      ,0      ,0      ,0      ,0      ,0      ,0      ,0      ,0      ,0      ,0      ,0      ,0      ,0      ,0      ,0      ,0      ,0      ,0      ,0      ,0      ,0      ,1      ,0      ,0      ,0      ,1      ,0      ,0      ,0      ,2      ,0      ,0      ,0      ,0      ,0      ,0      ,0      ,0      ,0      ,0      ,0      
50,VSA00086,0     ,0     ,0     ,0     ,0     ,0     ,0     ,0     ,0     ,0      ,0      ,0      ,0      ,0      ,0      ,0      ,0      ,0      ,0      ,0      ,0      ,0      ,0      ,0      ,0      ,0      ,0      ,0      ,0      ,0      ,0      ,0      ,0      ,0      ,0      ,0      ,0      ,0      ,0      ,0      ,0      ,0      ,1      ,0      ,0      ,0      ,0      ,0      ,0      ,0      ,0      ,0      ,0      ,0      ,0      ,0      ,0      ,0      ,0      ,0      ,0      
51,CSA00029,0     ,0     ,0     ,0     ,0     ,0     ,0     ,0     ,0     ,0      ,0      ,0      ,0      ,0      ,0      ,0      ,0      ,0      ,0      ,0      ,0      ,0      ,0      ,0      ,0      ,0      ,0      ,0      ,0      ,0      ,0      ,0      ,0      ,0      ,0      ,0      ,0      ,0      ,0      ,0      ,0      ,0      ,2      ,0      ,0      ,0      ,0      ,0      ,0      ,0      ,0      ,0      ,0      ,0      ,0      ,1      ,1      ,2      ,0      ,0      ,2      
52,CSA00021,0     ,0     ,0     ,0     ,0     ,0     ,0     ,0     ,0     ,0      ,0      ,0      ,0      ,0      ,0      ,0      ,0      ,0      ,0      ,0      ,0      ,0      ,0      ,0      ,0      ,0      ,0      ,0      ,0      ,0      ,0      ,0      ,0      ,0      ,0      ,0      ,0      ,0      ,0      ,0      ,0      ,0      ,1      ,0      ,0      ,0      ,0      ,0      ,0      ,0      ,0      ,0      ,0      ,1      ,0      ,0      ,0      ,0      ,0      ,0      ,0      
53,CSA00032,0     ,0     ,0     ,0     ,0     ,0     ,0     ,0     ,0     ,0      ,0      ,0      ,0      ,0      ,0      ,0      ,0      ,0      ,0      ,0      ,0      ,0      ,0      ,0      ,0      ,0      ,0      ,0      ,0      ,0      ,0      ,0      ,0      ,0      ,0      ,0      ,0      ,0      ,0      ,0      ,0      ,0      ,0      ,0      ,0      ,2      ,0      ,0      ,0      ,0      ,0      ,0      ,0      ,0      ,0      ,0      ,0      ,0      ,0      ,0      ,0      
54,CSA00056,0     ,0     ,0     ,0     ,0     ,0     ,0     ,0     ,0     ,0      ,0      ,0      ,0      ,0      ,0      ,0      ,0      ,0      ,0      ,0      ,0      ,0      ,0      ,0      ,0      ,0      ,0      ,0      ,0      ,0      ,0      ,0      ,0      ,0      ,0      ,0      ,0      ,0      ,0      ,0      ,0      ,0      ,0      ,0      ,0      ,1      ,0      ,0      ,0      ,0      ,0      ,0      ,1      ,0      ,1      ,0      ,0      ,0      ,0      ,0      ,0      
55,CSA00063,0     ,0     ,0     ,0     ,0     ,0     ,0     ,0     ,0     ,0      ,0      ,0      ,0      ,0      ,0      ,0      ,0      ,0      ,0      ,0      ,0      ,0      ,0      ,0      ,0      ,0      ,0      ,0      ,0      ,0      ,0      ,0      ,0      ,0      ,0      ,0      ,0      ,0      ,0      ,0      ,0      ,0      ,0      ,0      ,0      ,0      ,1      ,0      ,0      ,0      ,0      ,0      ,0      ,1      ,0      ,0      ,0      ,0      ,0      ,0      ,0      
56,CSA00033,0     ,0     ,0     ,0     ,0     ,0     ,0     ,0     ,0     ,0      ,0      ,0      ,0      ,0      ,0      ,0      ,0      ,0      ,0      ,0      ,0      ,0      ,0      ,0      ,0      ,0      ,0      ,0      ,0      ,0      ,0      ,0      ,0      ,0      ,0      ,0      ,0      ,0      ,0      ,0      ,0      ,0      ,0      ,0      ,0      ,0      ,0      ,0      ,1      ,1      ,0      ,1      ,0      ,0      ,0      ,0      ,0      ,0      ,0      ,0      ,0      
57,CSA00031,0     ,0     ,0     ,0     ,0     ,0     ,0     ,0     ,0     ,0      ,0      ,0      ,0      ,0      ,0      ,0      ,0      ,0      ,0      ,0      ,0      ,0      ,0      ,0      ,0      ,0      ,0      ,0      ,0      ,0      ,0      ,0      ,0      ,0      ,0      ,0      ,0      ,0      ,0      ,0      ,0      ,0      ,0      ,0      ,0      ,0      ,0      ,0      ,0      ,0      ,0      ,1      ,0      ,0      ,0      ,0      ,0      ,0      ,0      ,0      ,1      
58,CSA00059,0     ,0     ,0     ,0     ,0     ,0     ,0     ,0     ,0     ,0      ,0      ,0      ,0      ,0      ,0      ,0      ,0      ,0      ,0      ,0      ,0      ,0      ,0      ,0      ,0      ,0      ,0      ,0      ,0      ,0      ,0      ,0      ,0      ,0      ,0      ,0      ,0      ,0      ,0      ,0      ,0      ,0      ,0      ,0      ,0      ,0      ,0      ,0      ,0      ,0      ,0      ,0      ,2      ,0      ,1      ,0      ,0      ,0      ,0      ,0      ,0      
59,CSA00061,0     ,0     ,0     ,0     ,0     ,0     ,0     ,0     ,0     ,0      ,0      ,0      ,0      ,0      ,0      ,0      ,0      ,0      ,0      ,0      ,0      ,0      ,0      ,0      ,0      ,0      ,0      ,0      ,0      ,0      ,0      ,0      ,0      ,0      ,0      ,0      ,0      ,0      ,0      ,0      ,0      ,0      ,0      ,0      ,0      ,0      ,0      ,0      ,0      ,0      ,0      ,0      ,0      ,1      ,0      ,0      ,0      ,0      ,0      ,0      ,0      
60,CSA00065,0     ,0     ,0     ,0     ,0     ,0     ,0     ,0     ,0     ,0      ,0      ,0      ,0      ,0      ,0      ,0      ,0      ,0      ,0      ,0      ,0      ,0      ,0      ,0      ,0      ,0      ,0      ,0      ,0      ,0      ,0      ,0      ,0      ,0      ,0      ,0      ,0      ,0      ,0      ,0      ,0      ,0      ,0      ,0      ,0      ,0      ,0      ,0      ,0      ,0      ,0      ,0      ,0      ,1      ,0      ,0      ,0      ,0      ,0      ,0      ,0      
61,CSA00036,0     ,0     ,0     ,0     ,0     ,0     ,0     ,0     ,0     ,0      ,0      ,0      ,0      ,0      ,0      ,0      ,0      ,0      ,0      ,0      ,0      ,0      ,0      ,0      ,0      ,0      ,0      ,0      ,0      ,0      ,0      ,0      ,0      ,0      ,0      ,0      ,0      ,0      ,0      ,0      ,0      ,0      ,0      ,0      ,0      ,0      ,0      ,0      ,0      ,0      ,0      ,0      ,0      ,1      ,0      ,0      ,1      ,0      ,2      ,0      ,0      
62,CSA00057,0     ,0     ,0     ,0     ,0     ,0     ,0     ,0     ,0     ,0      ,0      ,0      ,0      ,0      ,0      ,0      ,0      ,0      ,0      ,0      ,0      ,0      ,0      ,0      ,0      ,0      ,0      ,0      ,0      ,0      ,0      ,0      ,0      ,0      ,0      ,0      ,0      ,0      ,0      ,0      ,0      ,0      ,0      ,0      ,0      ,0      ,0      ,0      ,0      ,0      ,0      ,0      ,0      ,0      ,1      ,0      ,0      ,0      ,0      ,0      ,0      
63,CSA00013,0     ,0     ,0     ,0     ,0     ,0     ,0     ,0     ,0     ,0      ,0      ,0      ,0      ,0      ,0      ,0      ,0      ,0      ,0      ,0      ,0      ,0      ,0      ,0      ,0      ,0      ,0      ,0      ,0      ,0      ,0      ,0      ,0      ,0      ,0      ,0      ,0      ,0      ,0      ,0      ,0      ,0      ,0      ,0      ,0      ,0      ,0      ,0      ,0      ,0      ,0      ,0      ,0      ,0      ,0      ,1      ,0      ,0      ,0      ,0      ,1      
64,CSA00042,0     ,0     ,0     ,0     ,0     ,0     ,0     ,0     ,0     ,0      ,0      ,0      ,0      ,0      ,0      ,0      ,0      ,0      ,0      ,0      ,0      ,0      ,0      ,0      ,0      ,0      ,0      ,0      ,0      ,0      ,0      ,0      ,0      ,0      ,0      ,0      ,0      ,0      ,0      ,0      ,0      ,0      ,0      ,0      ,0      ,0      ,0      ,0      ,0      ,0      ,0      ,0      ,0      ,0      ,0      ,0      ,0      ,2      ,0      ,0      ,0      
65,CSA00017,0     ,0     ,0     ,0     ,0     ,0     ,0     ,0     ,0     ,0      ,0      ,0      ,0      ,0      ,0      ,0      ,0      ,0      ,0      ,0      ,0      ,0      ,0      ,0      ,0      ,0      ,0      ,0      ,0      ,0      ,0      ,0      ,0      ,0      ,0      ,0      ,0      ,0      ,0      ,0      ,0      ,0      ,0      ,0      ,0      ,0      ,0      ,0      ,0      ,0      ,0      ,0      ,0      ,0      ,0      ,0      ,0      ,1      ,0      ,0      ,2      
66,CSA00053,0     ,0     ,0     ,0     ,0     ,0     ,0     ,0     ,0     ,0      ,0      ,0      ,0      ,0      ,0      ,0      ,0      ,0      ,0      ,0      ,0      ,0      ,0      ,0      ,0      ,0      ,0      ,0      ,0      ,0      ,0      ,0      ,0      ,0      ,0      ,0      ,0      ,0      ,0      ,0      ,0      ,0      ,0      ,0      ,0      ,0      ,0      ,0      ,0      ,0      ,0      ,0      ,0      ,0      ,0      ,0      ,0      ,1      ,0      ,0      ,0      
67,CSA00014,0     ,0     ,0     ,0     ,0     ,0     ,0     ,0     ,0     ,0      ,0      ,0      ,0      ,0      ,0      ,0      ,0      ,0      ,0      ,0      ,0      ,0      ,0      ,0      ,0      ,0      ,0      ,0      ,0      ,0      ,0      ,0      ,0      ,0      ,0      ,0      ,0      ,0      ,0      ,0      ,0      ,0      ,0      ,0      ,0      ,0      ,0      ,0      ,0      ,0      ,0      ,0      ,0      ,0      ,0      ,0      ,0      ,0      ,0      ,0      ,1      
68,CSA00047,0     ,0     ,0     ,0     ,0     ,0     ,0     ,0     ,0     ,0      ,0      ,0      ,0      ,0      ,0      ,0      ,0      ,0      ,0      ,0      ,0      ,0      ,0      ,0      ,0      ,0      ,0      ,0      ,0      ,0      ,0      ,0      ,0      ,0      ,0      ,0      ,0      ,0      ,0      ,0      ,0      ,0      ,0      ,0      ,0      ,0      ,0      ,0      ,0      ,0      ,0      ,0      ,0      ,0      ,0      ,0      ,0      ,0      ,0      ,0      ,1      
69,CSA00004,0     ,0     ,0     ,0     ,0     ,0     ,0     ,0     ,0     ,0      ,0      ,0      ,0      ,0      ,0      ,0      ,0      ,0      ,0      ,0      ,0      ,0      ,0      ,0      ,0      ,0      ,0      ,0      ,0      ,0      ,0      ,0      ,0      ,0      ,0      ,0      ,0      ,0      ,0      ,0      ,0      ,0      ,0      ,0      ,0      ,0      ,0      ,0      ,0      ,0      ,0      ,0      ,0      ,0      ,0      ,0      ,0      ,0      ,0      ,0      ,1      
70,CSA00048,0     ,0     ,0     ,0     ,0     ,0     ,0     ,0     ,0     ,0      ,0      ,0      ,0      ,0      ,0      ,0      ,0      ,0      ,0      ,0      ,0      ,0      ,0      ,0      ,0      ,0      ,0      ,0      ,0      ,0      ,0      ,0      ,0      ,0      ,0      ,0      ,0      ,0      ,0      ,0      ,0      ,0      ,0      ,0      ,0      ,0      ,0      ,0      ,0      ,0      ,0      ,0      ,0      ,0      ,0      ,0      ,0      ,0      ,0      ,0      ,1      
